index_x	csqAllele	gene_id	gene_symbol	impact	element_id	type	csqCount	most_severe_consequence	start	id	rare	commonCSQall	EmbryoDev	DDD	Lethal	Essential	Misc	soScore	pLI	chr	CADD
12:100000452:/G	G	0	0	MODIFIER	intergenic	intergenic	1	intergenic_variant	100000452	rs7303294	False	G	0.0	0.0	0.0	0.0	0.0	0		12	-0.02334
12:100002346:/CC	CC	0	0	MODIFIER	intergenic	intergenic	1	intergenic_variant	0	0	NOB	0	0.0	0.0	0.0	0.0	0.0	0		12	
12:100002474:/A	A	0	0	MODIFIER	intergenic	intergenic	1	intergenic_variant	100002474	rs7311961	False	A	0.0	0.0	0.0	0.0	0.0	0		12	-0.054475
12:100002602:/C	C	0	0	MODIFIER	intergenic	intergenic	1	intergenic_variant	100002602	rs76871602	False	C	0.0	0.0	0.0	0.0	0.0	0		12	0.109189
12:100002744:/G	G	0	0	MODIFIER	intergenic	intergenic	1	intergenic_variant	100002744	rs10860553	False	G	0.0	0.0	0.0	0.0	0.0	0		12	0.787462
12:100003304:/C	C	0	0	MODIFIER	intergenic	intergenic	1	intergenic_variant	0	0	NOB	0	0.0	0.0	0.0	0.0	0.0	0		12	0.048231
12:100014967:/A	A	0	0	MODIFIER	intergenic	intergenic	1	intergenic_variant	100014967	rs6538952	False	A	0.0	0.0	0.0	0.0	0.0	0		12	0.015706
12:100014990:/A	A	0	0	MODIFIER	intergenic	intergenic	1	intergenic_variant	100014990	rs7954632	False	A	0.0	0.0	0.0	0.0	0.0	0		12	-0.010552
12:100016140:/C	C	0	0	MODIFIER	intergenic	intergenic	1	intergenic_variant	100016140	rs140241206	False	C	0.0	0.0	0.0	0.0	0.0	0		12	-0.121305
12:100016255:/T	T	0	0	MODIFIER	intergenic	intergenic	2	intergenic_variant	100016255	rs4764817	False	T	0.0	0.0	0.0	0.0	0.0	0		12	-0.003517
12:100020566:/T	T	0	0	MODIFIER	intergenic	intergenic	1	intergenic_variant	100020566	rs116517438	False	T	0.0	0.0	0.0	0.0	0.0	0		12	-0.282258
12:100021145:/G	G	0	0	MODIFIER	intergenic	intergenic	1	intergenic_variant	100021145	rs150658327	False	G	0.0	0.0	0.0	0.0	0.0	0		12	0.150568
12:100347793:/C	C	0	0	MODIFIER	intergenic	intergenic	2	intergenic_variant	100347793	rs2033180	False	C	0.0	0.0	0.0	0.0	0.0	0		12	-0.095697
12:100351875:/C	C	0	0	MODIFIER	intergenic	intergenic	2	intergenic_variant	100351875	rs828933	False	C	0.0	0.0	0.0	0.0	0.0	0		12	0.253475
12:100438762:/C	C	0	0	MODIFIER	intergenic	intergenic	2	intergenic_variant	100438762	rs7968600	False	C	0.0	0.0	0.0	0.0	0.0	0		12	0.138307
12:100443019:/C	C	0	0	MODIFIER	intergenic	intergenic	1	intergenic_variant	100443019	rs1536464	False	C	0.0	0.0	0.0	0.0	0.0	0		12	0.103251
12:100446935:/A	A	0	0	MODIFIER	intergenic	intergenic	2	intergenic_variant	100446935	rs6538961	False	A	0.0	0.0	0.0	0.0	0.0	0		12	0.108112
12:100457529:/A	A	0	0	MODIFIER	intergenic	intergenic	2	intergenic_variant	100457529	rs1409791	False	A	0.0	0.0	0.0	0.0	0.0	0		12	-0.347992
12:100458632:/G	G	0	0	MODIFIER	intergenic	intergenic	2	intergenic_variant	100458632	rs10745888	False	G	0.0	0.0	0.0	0.0	0.0	0		12	0.955598
12:100635594:/C	C	0	0	MODIFIER	intergenic	intergenic	2	intergenic_variant	100635594	rs7953893	False	C	0.0	0.0	0.0	0.0	0.0	0		12	0.240037
12:100636578:/G	G	0	0	MODIFIER	intergenic	intergenic	1	intergenic_variant	100636578	rs59817505	False	G	0.0	0.0	0.0	0.0	0.0	0		12	0.237894
12:100636971:/C	C	0	0	MODIFIER	intergenic	intergenic	1	intergenic_variant	100636971	rs759197077	NOB	0	0.0	0.0	0.0	0.0	0.0	0		12	0.111817
12:100637073:/G	G	0	0	MODIFIER	intergenic	intergenic	1	intergenic_variant	100637073	rs7295629	False	G	0.0	0.0	0.0	0.0	0.0	0		12	0.350464
12:100637632:/T	T	0	0	MODIFIER	intergenic	intergenic	1	intergenic_variant	100637632	rs144782314	False	T	0.0	0.0	0.0	0.0	0.0	0		12	-0.242236
12:100638295:/T	T	0	0	MODIFIER	intergenic	intergenic	1	intergenic_variant	100638295	rs58633326	False	T	0.0	0.0	0.0	0.0	0.0	0		12	-0.13113699999999998
12:100640855:/G	G	0	0	MODIFIER	intergenic	intergenic	1	intergenic_variant	100640855	rs151337207	False	G	0.0	0.0	0.0	0.0	0.0	0		12	0.445908
12:100640963:/T	T	0	0	MODIFIER	intergenic	intergenic	1	intergenic_variant	100640963	rs7959656	False	T	0.0	0.0	0.0	0.0	0.0	0		12	-0.519605
12:100641330:/G	G	0	0	MODIFIER	intergenic	intergenic	1	intergenic_variant	100641330	rs9738007	False	G	0.0	0.0	0.0	0.0	0.0	0		12	0.018447
12:100641820:/A	A	0	0	MODIFIER	intergenic	intergenic	1	intergenic_variant	100641820	rs12423202	False	A	0.0	0.0	0.0	0.0	0.0	0		12	0.117619
12:100645269:/A	A	0	0	MODIFIER	intergenic	intergenic	1	intergenic_variant	100645269	rs7957580	False	A	0.0	0.0	0.0	0.0	0.0	0		12	1.089477
12:100646540:/A	A	0	0	MODIFIER	intergenic	intergenic	1	intergenic_variant	100646540	rs4625577	False	A	0.0	0.0	0.0	0.0	0.0	0		12	-0.046641
12:100646791:/T	T	0	0	MODIFIER	intergenic	intergenic	1	intergenic_variant	100646791	rs4764981	False	T	0.0	0.0	0.0	0.0	0.0	0		12	-0.252653
12:100647087:/A	A	0	0	MODIFIER	intergenic	intergenic	1	intergenic_variant	100647087	rs12423368	False	A	0.0	0.0	0.0	0.0	0.0	0		12	0.004429
12:100647675:/A	A	0	0	MODIFIER	intergenic	intergenic	1	intergenic_variant	100647675	rs10778057	False	A	0.0	0.0	0.0	0.0	0.0	0		12	-0.398054
12:100647802:/G	G	0	0	MODIFIER	intergenic	intergenic	1	intergenic_variant	100647802	rs12426030	False	G	0.0	0.0	0.0	0.0	0.0	0		12	0.567516
12:100647938:/C	C	0	0	MODIFIER	intergenic	intergenic	2	intergenic_variant	100647938	rs4764982	False	C	0.0	0.0	0.0	0.0	0.0	0		12	-0.18009
12:100648126:/T	T	0	0	MODIFIER	intergenic	intergenic	1	intergenic_variant	100648126	rs138907000	True	T	0.0	0.0	0.0	0.0	0.0	0		12	-0.107931
12:100649849:/G	G	0	0	MODIFIER	intergenic	intergenic	1	intergenic_variant	100649849	rs78510697	False	G	0.0	0.0	0.0	0.0	0.0	0		12	-0.009177
12:100650424:/C	C	0	0	MODIFIER	intergenic	intergenic	2	intergenic_variant	100650424	rs984025	False	C	0.0	0.0	0.0	0.0	0.0	0		12	0.030573000000000006
12:100653233:/C	C	0	0	MODIFIER	intergenic	intergenic	1	intergenic_variant	100653233	rs17030393	False	C	0.0	0.0	0.0	0.0	0.0	0		12	-0.138128
12:100662967:/A	A	0	0	MODIFIER	intergenic	intergenic	1	intergenic_variant	100662967	rs144033270	True	A	0.0	0.0	0.0	0.0	0.0	0		12	-0.158275
12:100663014:/T	T	0	0	MODIFIER	intergenic	intergenic	1	intergenic_variant	100663014	rs11837658	False	T	0.0	0.0	0.0	0.0	0.0	0		12	-0.345704
12:100663982:/C	C	0	0	MODIFIER	intergenic	intergenic	1	intergenic_variant	100663982	rs17030404	False	C	0.0	0.0	0.0	0.0	0.0	0		12	0.080201
12:100664373:/G	G	0	0	MODIFIER	intergenic	intergenic	1	intergenic_variant	100664373	rs12372452	True	G	0.0	0.0	0.0	0.0	0.0	0		12	-0.146546
12:100665251:/A	A	0	0	MODIFIER	intergenic	intergenic	1	intergenic_variant	0	0	NOB	0	0.0	0.0	0.0	0.0	0.0	0		12	-0.223181
12:100665369:/G	G	0	0	MODIFIER	intergenic	intergenic	2	intergenic_variant	100665369	rs1017303	False	G	0.0	0.0	0.0	0.0	0.0	0		12	-0.38666
12:100665370:/G	G	0	0	MODIFIER	intergenic	intergenic	2	intergenic_variant	100665370	rs1017304	False	G	0.0	0.0	0.0	0.0	0.0	0		12	-0.11665899999999997
12:100665700:/A	A	0	0	MODIFIER	intergenic	intergenic	2	intergenic_variant	100665700	rs1548011	False	A	0.0	0.0	0.0	0.0	0.0	0		12	-0.352375
12:100665922:/G	G	0	0	MODIFIER	intergenic	intergenic	1	intergenic_variant	100665922	rs77469083	False	G	0.0	0.0	0.0	0.0	0.0	0		12	0.191997
